Optimised parameters,Optimal MM nr,nr iterations,nr evaluations
"[1.870975407969956, 0.4893642446752886, 5.882424229180636, 0.18403251103455226, 0.5499999999999998, 0.07532182217424876, 0.004492959574708917, 0.06689019646750571]",14.072114870967663,306,510
