Optimised parameters,Optimal MM nr,nr iterations,nr evaluations
"[0.0, 1.53494556302321, 7.00002894669202, 3.0000172393202194]",22.103674103990013,104,205
