Optimised parameters,Optimal MM nr,nr iterations,nr evaluations
"[2.8811063075517938, 3.0007306869224952, 4.118149272184951, 3.0000122993840264, 0.3432942386268061, 0.09331346719929416, 0.42825341229050784, 0.0865819767901621]",23.838812581853364,481,840
