Optimised parameters,Optimal MM nr,nr iterations,nr evaluations
"[1.3890075933187092, 5.240103065349848, 1.9340802198696476, 0.07434985124390739, 0.31127410490235785, 0.05109080126779472]",15.175582047050142,141,258
