Optimised parameters,Optimal MM nr,nr iterations,nr evaluations
"[1.9995925207716043, 3.999225193674069, 3.9980539110787343, 2.503128511586196, 0.4899856343147603, 0.18033579735355712, 0.0, 0.22039329240605326]",21.25664234290622,486,836
