Optimised parameters,Optimal MM nr,nr iterations,nr evaluations
"[4.9999980593161855, 3.9999819325708152, 1.0000204449123826, 0.4901814272582705, 0.2544152859385106]",101.61082891898354,204,367
