Optimised parameters,Optimal MM nr,nr iterations,nr evaluations
"[3.999999985312342, 3.9999999648867464, 2.4698719177935162, 0.4491330947377668, 0.15326476740789138]",28.891633107250478,306,533
