Optimised parameters,Optimal MM nr,nr iterations,nr evaluations
"[0.4763047217193689, 21.000004360114815, 53.523511967808474, 0.0001693041265229951, 0.0, 0.12598245606726602]",18.668258922587448,537,918
