Optimised parameters,Optimal MM nr,nr iterations,nr evaluations
"[1.1759417474666298, 1.3642809921766217, 6.42674973858399, 4.000000001713882]",21.536848826685116,153,284
