Optimised parameters,Optimal MM nr,nr iterations,nr evaluations
"[3.9876865926018716, 2.9999983460109334, 2.0151380345914376, 0.5682720294858248, 0.029163476018889203]",31.573218653281238,456,798
