Optimised parameters,Optimal MM nr,nr iterations,nr evaluations
"[3.9940850025855745, 1.999999950637889, 2.0991221329517717]",29.56470074808276,100,182
