Optimised parameters,Optimal MM nr,nr iterations,nr evaluations
"[3.8429797118144955, 3.0000119590591474, 3.156972704226452]",30.138377391126042,83,159
