Optimised parameters,Optimal MM nr,nr iterations,nr evaluations
"[4.591007880086398, 3.999999995793102, 2.408992228398361, 0.5435059566476934, 0.1462136796520306]",29.07865919567321,353,612
