Optimised parameters,Optimal MM nr,nr iterations,nr evaluations
"[1.550632245836852, 4.220234192137524, 1.6603531480167273, 0.031958701728784664, 0.8716228235886605, 0.10388549557269347]",14.072112490234503,129,232
