Optimised parameters,Optimal MM nr,nr iterations,nr evaluations
"[1.99868000362783, 1.6048310031235744, 3.3414142691259614, 1.9931120264244626, 0.35499029747447053, 0.06272713550017828, 0.5412797484653256, 0.07714558562219227]",14.072033450048707,581,947
