Optimised parameters,Optimal MM nr,nr iterations,nr evaluations
"[1.0077921016243432, 0.1818262410351626, 21.629640792007688, 1.7554122329661048, 0.5379121218586642, 0.08259879910997606, 0.03915312366878475, 0.06113769624528813]",14.072114875167088,236,438
