Optimised parameters,Optimal MM nr,nr iterations,nr evaluations
"[1.4013671521145632, 4.00803804575334, 6.590648153027647, 1.99995075982874, 0.26791103373024294, 0.0]",17.605733809612413,519,933
