Optimised parameters,Optimal MM nr,nr iterations,nr evaluations
"[2.999954694609351, 3.00002176099328, 3.000003620983618, 0.281801456362463, 0.30004506954888854]",29.48844845266467,177,321
