Optimised parameters,Optimal MM nr,nr iterations,nr evaluations
"[3.000000005499347, 1.3587011504443125, 3.318365422676659, 5.000000426103396]",107.64822097463066,257,465
