Optimised parameters,Optimal MM nr,nr iterations,nr evaluations
"[1.7193423578360756, 3.000854283213295, 1.9999796104891465, 0.0933610346761084, 0.3612301155001191, 0.0547183446903608]",14.180637182471617,270,449
