Optimised parameters,Optimal MM nr,nr iterations,nr evaluations
"[3.9906246776547376, 3.9994974458496024, 3.999994350981986, 3.009912566582992, 0.43530592979073324, 0.009768697413575998]",24.106020385972155,184,333
