Optimised parameters,Optimal MM nr,nr iterations,nr evaluations
"[4.614924645749779, 2.3789672040651633, 2.00610811468352, 0.23190203859020064, 0.17888040494712132]",31.903371455461496,497,844
