Optimised parameters,Optimal MM nr,nr iterations,nr evaluations
"[0.6528106969564035, 12.610473029143238, 0.7100182309862869, 0.539377236211281, 0.05792349512636866, 0.06371542558970164]",15.17558202313261,145,302
