Optimised parameters,Optimal MM nr,nr iterations,nr evaluations
"[2.9782685287948825, 2.0000001757593378, 3.00000032028682, 0.3002869575040817, 0.3546661408477081]",29.80196667165371,223,395
