Optimised parameters,Optimal MM nr,nr iterations,nr evaluations
"[0.0, 1.6716785703898545, 5.000000000434402, 4.144017846000471]",22.544922580867432,148,273
