Optimised parameters,Optimal MM nr,nr iterations,nr evaluations
"[5.013765513311464, 1.9999996446404573, 2.000001342052652]",128.86667165632312,158,303
