Optimised parameters,Optimal MM nr,nr iterations,nr evaluations
"[0.022961009227532928, 1.607120695430761, 7.54584353690475, 1.742634031449581, 0.806981882525158, 0.07546952432010448, 0.23550733991160253, 0.08438334327898231]",15.658661415441756,222,429
