Optimised parameters,Optimal MM nr,nr iterations,nr evaluations
"[1.199115007951663, 0.9210979075900656, 7.8953988897926894, 0.9041082050287328, 0.14597220514550896, 0.0027298220991376103]",15.17558203859328,161,287
