Optimised parameters,Optimal MM nr,nr iterations,nr evaluations
"[3.0937445448934824, 4.999996169066902, 3.9999984889630116, 2.9062654247019015, 0.41513570537066824, 0.045801141585926367]",23.943802980069893,190,333
