Optimised parameters,Optimal MM nr,nr iterations,nr evaluations
"[3.049023093493642, 3.0000042399733498, 3.7884345578874052, 4.00004305473815, 0.2861538984531309, 0.08360454256291974]",24.963951362886082,335,582
