Optimised parameters,Optimal MM nr,nr iterations,nr evaluations
"[1.7204212636789118, 1.9999999845265044, 4.873317239600893, 3.406261566481305]",21.462415705509077,244,437
