Optimised parameters,Optimal MM nr,nr iterations,nr evaluations
"[3.0037724516945277, 2.01053075644806, 2.9856676192393428]",30.334780738504016,131,246
