Optimised parameters,Optimal MM nr,nr iterations,nr evaluations
"[3.4912920629584807, 1.9999911169140634, 2.5087235725704784, 2.999995864367154]",83.73647516902666,159,315
