Optimised parameters,Optimal MM nr,nr iterations,nr evaluations
"[2.9962691509850212, 2.003726165952423, 2.000001970383767, 0.35672152889220327, 0.21006287340097946]",29.189791283312015,207,367
