Optimised parameters,Optimal MM nr,nr iterations,nr evaluations
"[3.000000564356944, 1.4349524706283097, 4.552134546137294, 1.9999996501958504, 0.12045688762552066, 0.11742655032134763, 0.5040907490175033, 0.13391990279447147]",19.154005044908363,874,1461
