Optimised parameters,Optimal MM nr,nr iterations,nr evaluations
"[1.696048794456503, 1.271870689841067, 6.3891505738511025, 1.6402944627205196, 0.5472913868772135, 0.03072023864832647, 0.1677402379748295, 0.12524863573342987]",15.658661411240846,192,349
