Optimised parameters,Optimal MM nr,nr iterations,nr evaluations
"[5.377123452671948, 2.622877522424745, 1.9999995473485899, 0.12288561963676677, 0.25106726676102475]",27.126299354845855,244,423
