Optimised parameters,Optimal MM nr,nr iterations,nr evaluations
"[1.99903170800898, 1.998606148932867, 4.9999706844289715, 3.0024030143172253]",21.236297844228492,185,362
