Optimised parameters,Optimal MM nr,nr iterations,nr evaluations
"[3.7327695012863256, 1.9999996822576935, 2.655567332336738, 3.6116637830076472]",28.02609236911844,270,484
