Optimised parameters,Optimal MM nr,nr iterations,nr evaluations
"[1.944157510256494, 0.1931228336996556, 5.583811078344469, 1.7583646304091918, 0.5991685442424912, 0.02998882077168479, 0.4509894312601799, 0.1056840583551642]",14.072114832418722,227,399
