Optimised parameters,Optimal MM nr,nr iterations,nr evaluations
"[3.023825438111481, 4.71609202476272, 1.1300407699010515, 0.2444841983641388, 0.370494022020187]",103.84199303535601,299,504
