Optimised parameters,Optimal MM nr,nr iterations,nr evaluations
"[1.9999295487543973, 0.1323936469403943, 2.942152859502431, 1.9255252011045534, 0.5229577649658876, 0.0021034799700317495, 0.30437688210678004, 0.13230107534978017]",14.071937418269238,785,1258
