Optimised parameters,Optimal MM nr,nr iterations,nr evaluations
"[1.5505514464029573, 4.22069835942567, 1.66053300364347, 0.03193375315669164, 0.8714635912125048, 0.10391072359601303]",14.072110637538184,139,248
