Optimised parameters,Optimal MM nr,nr iterations,nr evaluations
"[3.0000000097748725, 2.476818511899893, 3.3222061517355437]",30.550536714853465,87,167
