Optimised parameters,Optimal MM nr,nr iterations,nr evaluations
"[1.9072256616615788, 1.959005376634124, 4.648880110824306, 1.9632335599262374, 0.5997124932531852, 0.05394038235716496, 0.3364644976501281, 0.0668736057358262]",15.175581176469535,280,483
