Optimised parameters,Optimal MM nr,nr iterations,nr evaluations
"[1.9873854328622729, 2.295102612159617, 1.8977403680716556, 0.46094006376495167, 0.3780297296938132]",99.25126084224628,128,232
