Optimised parameters,Optimal MM nr,nr iterations,nr evaluations
"[1.9999838594440558, 1.9999889390056893, 5.9999590300789265, 3.3700342358446953]",21.4237108264373,165,314
