Optimised parameters,Optimal MM nr,nr iterations,nr evaluations
"[3.0000000040797037, 3.0157551912408556, 3.5032742747119014, 3.480970524406369]",27.755905426117504,238,436
