Optimised parameters,Optimal MM nr,nr iterations,nr evaluations
"[3.0000023477821065, 2.9997867156095515, 4.000018203586862, 0.4537820381803473, 0.2144854203651952]",33.13571196131018,127,229
