Optimised parameters,Optimal MM nr,nr iterations,nr evaluations
"[0.0, 1.7710684407944517, 16.136347906729917, 0.38274637785855803, 0.15594347097343103, 0.011172717027070827]",14.195336562852413,195,336
