Optimised parameters,Optimal MM nr,nr iterations,nr evaluations
"[3.0000000129786093, 3.0701357718171733, 4.506068708574781, 3.4237953715689446]",26.461869968264686,207,385
