Optimised parameters,Optimal MM nr,nr iterations,nr evaluations
"[1.4188445376755974, 1.8507424254286262, 4.0000000369357736, 5.000000380170324]",25.806510109179158,166,311
