Optimised parameters,Optimal MM nr,nr iterations,nr evaluations
"[3.4737609260752897, 2.9999999984328074, 2.97661778942281]",30.60308787755877,142,273
