Optimised parameters,Optimal MM nr,nr iterations,nr evaluations
"[4.036809433249092, 2.9631826099076948, 4.0000069027163985, 0.5276458340762593, 0.19574628243149217]",29.829803070262,447,777
