Optimised parameters,Optimal MM nr,nr iterations,nr evaluations
"[2.990495786613272, 2.000016506942733, 3.0094854696172186, 0.44652665279649456, 0.21072050268433545]",33.013387041860106,213,378
