Optimised parameters,Optimal MM nr,nr iterations,nr evaluations
"[1.9999951172289347, 3.491605401099696, 1.9982524109854354, 0.5439067979593712, 0.07641475106241993, 0.06601260271143085]",14.072050087541507,382,646
