Optimised parameters,Optimal MM nr,nr iterations,nr evaluations
"[3.018551339230777, 2.983096834545445, 1.9983518538909002, 0.29629390266289896, 0.03880025926313743]",29.684587157296864,348,600
