Optimised parameters,Optimal MM nr,nr iterations,nr evaluations
"[3.0000000086497085, 2.1760710155011154, 3.207469822725761]",30.42381210869364,108,199
