Optimised parameters,Optimal MM nr,nr iterations,nr evaluations
"[1.9967937400195526, 3.8626134498642397, 1.999999574795119, 0.12238539561816761, 0.38234585055590414, 0.03845521405563622]",14.55181132065317,546,890
