Optimised parameters,Optimal MM nr,nr iterations,nr evaluations
"[1.0000317592068786, 4.000010348594511, 4.000002835160949, 4.608137869110619]",26.71000025298226,219,409
