Optimised parameters,Optimal MM nr,nr iterations,nr evaluations
"[3.00001968296936, 3.0000043574395376, 3.4405246554129496]",30.54981460687877,60,118
