Optimised parameters,Optimal MM nr,nr iterations,nr evaluations
"[4.0022086508913475, 4.997912343258703, 1.9999971006555004, 0.3043321823368594, 0.10330882666121971]",27.189910653440634,419,717
