Optimised parameters,Optimal MM nr,nr iterations,nr evaluations
"[2.000000000224205, 2.954219347490387, 4.818698986134667, 0.17214693943869672, 0.27454234755519136]",27.050849983190982,180,331
