Optimised parameters,Optimal MM nr,nr iterations,nr evaluations
"[1.5577125067085338, 6.904388474133228, 1.4980610710597364, 0.2980553788453739, 0.10887139117547015, 0.048513712857437365]",14.551825011338144,136,243
