Optimised parameters,Optimal MM nr,nr iterations,nr evaluations
"[3.999307275566837, 4.0001006003230515, 3.000002607703591, 0.17930019440515282, 0.22793260414770566]",33.58567100834515,542,889
