Optimised parameters,Optimal MM nr,nr iterations,nr evaluations
"[2.7504148682600675, 3.999998647277889, 2.2618004342809277, 0.5999999999999994, 0.10171593196920116]",33.28788964527979,373,648
