Optimised parameters,Optimal MM nr,nr iterations,nr evaluations
"[0.0, 0.9702332259830202, 44.20152859973041, 0.0, 0.009310661257937631, 0.17106789900852226, 0.0, 0.00037294439096835844]",14.07211486746428,610,1023
