Optimised parameters,Optimal MM nr,nr iterations,nr evaluations
"[1.000035659208974, 4.000027885539819, 5.7920849654403685, 4.000299143958497]",26.618609713057246,132,247
