Optimised parameters,Optimal MM nr,nr iterations,nr evaluations
"[1.9999975301894928, 2.9999947977944856, 3.645072409846862, 3.999719660211086]",27.849835352305305,110,206
