Optimised parameters,Optimal MM nr,nr iterations,nr evaluations
"[3.902215307824453, 3.015445871954835, 3.000000010716759, 0.18436529119118517, 0.2837135142969138]",32.398146178152714,489,829
