Optimised parameters,Optimal MM nr,nr iterations,nr evaluations
"[3.999988984193358, 3.021928854790424, 2.999944114215303, 0.19906414733403816, 0.3582880556272978]",29.296084688487174,464,833
