Optimised parameters,Optimal MM nr,nr iterations,nr evaluations
"[2.0000021881687573, 4.999913638518442, 1.000395981092854, 0.4299165035984731, 0.11342891601957716]",26.996533926573296,211,371
