Optimised parameters,Optimal MM nr,nr iterations,nr evaluations
"[0.0, 1.5832649260830833, 42.59007134830982, 0.0, 0.01858689124548797, 0.13730308914960027]",15.658661395621236,213,389
