Optimised parameters,Optimal MM nr,nr iterations,nr evaluations
"[3.000000003890743, 1.7567196928641668, 3.06990208725768, 4.173378192808027]",26.1533221188059,242,442
