Optimised parameters,Optimal MM nr,nr iterations,nr evaluations
"[0.28933761032524175, 1.9004269722943405, 6.981884417167007, 1.395926345807072, 0.43056855025443885, 0.10546200573818143, 0.4430467287303618, 0.04386270573899768]",14.072114884214784,235,409
