Optimised parameters,Optimal MM nr,nr iterations,nr evaluations
"[5.9988563757412035, 3.0000010496656415, 4.001107908814145, 0.38561022790645993, 0.185079064856899]",32.87147039037573,216,392
