Optimised parameters,Optimal MM nr,nr iterations,nr evaluations
"[2.8294628194549474, 6.999999461117509, 1.9997249578618106, 0.041770133825627956, 0.18658713520542713]",29.9658256130606,335,577
