Optimised parameters,Optimal MM nr,nr iterations,nr evaluations
"[0.0, 1.705258484105406, 10.210070953070916, 0.0, 0.5451988667319554, 0.00040346459035003933, 0.46295158514522367, 0.13399586765802027]",14.072114889060078,233,407
