Optimised parameters,Optimal MM nr,nr iterations,nr evaluations
"[3.0080884747711085, 3.9918309916704944, 1.9999953036454328, 0.4238842818320139, 0.08110218131007008]",27.47864484666855,275,483
