Optimised parameters,Optimal MM nr,nr iterations,nr evaluations
"[5.0329921632373935, 3.9670061119843227, 2.000000104496248, 0.4954398248818046, 0.20105928211600022]",29.716177416649817,210,375
