Optimised parameters,Optimal MM nr,nr iterations,nr evaluations
"[2.999410965649079, 2.0000045086676854, 2.00000440918879, 0.37962498632734853, 0.20485469693634123]",29.359110872048387,184,329
