Optimised parameters,Optimal MM nr,nr iterations,nr evaluations
"[3.9988064809397184, 2.0000214763057396, 3.000420823130799]",30.854814789838173,104,202
