Optimised parameters,Optimal MM nr,nr iterations,nr evaluations
"[3.9461242139057133, 3.999999215613024, 4.9999995302175995, 2.0538771461947576, 0.5202159867084643, 0.0012824391761117745, 0.16953331468161414, 0.11586045290676801]",22.33478182362843,594,1001
