Optimised parameters,Optimal MM nr,nr iterations,nr evaluations
"[0.0, 3.034286337261416, 7.431887827375082, 4.000000002946715, 0.9338112587705452, 0.0]",23.837711557127488,548,947
