Optimised parameters,Optimal MM nr,nr iterations,nr evaluations
"[1.9981833084316443, 4.0042432713036185, 1.9972432388628287, 0.0030128772903727885, 0.8775658230908459, 0.15344702831828094]",15.658657589692885,387,682
