Optimised parameters,Optimal MM nr,nr iterations,nr evaluations
"[3.9932034405217554, 2.0000039307360997, 3.006667779565537]",30.043485858803955,82,163
