Optimised parameters,Optimal MM nr,nr iterations,nr evaluations
"[3.1354859184830097, 3.8616377871481085, 2.0000007272742923, 0.3982957132465258, 0.2740189941243971]",29.967082927980663,465,800
