Optimised parameters,Optimal MM nr,nr iterations,nr evaluations
"[3.7851494266460013, 4.967612064070462, 1.9999990629706448, 0.2755010422041653, 0.1168330158548864]",27.25941930914727,561,932
