Optimised parameters,Optimal MM nr,nr iterations,nr evaluations
"[0.05085927548436794, 1.6509439406643724, 15.738184911285366, 0.0, 0.016551289341743172, 0.08983591909180948, 0.0, 0.05554159611340481]",14.072114873207328,316,565
