Optimised parameters,Optimal MM nr,nr iterations,nr evaluations
"[4.953507155261223, 4.999999936550994, 1.5233569900551331, 0.3562322460708547, 0.2727326383502178]",101.99896010411997,299,519
