Optimised parameters,Optimal MM nr,nr iterations,nr evaluations
"[2.9706907105729714, 2.1955376289050794, 2.8337717536252502]",30.129761581135003,12,692
