Optimised parameters,Optimal MM nr,nr iterations,nr evaluations
"[4.99999787605873, 3.999999416081217, 2.594925652883509, 0.38726141131190084, 0.13408114791336587]",28.854705057569035,229,408
