Optimised parameters,Optimal MM nr,nr iterations,nr evaluations
"[1.9441780240926647, 0.19313634662395585, 5.584067976315485, 1.758433467748529, 0.49582869614993497, 0.02998440625317217, 0.45097441662635623, 0.10569016638063468]",14.072114853759192,230,408
