Optimised parameters,Optimal MM nr,nr iterations,nr evaluations
"[3.0007357109944506, 2.000000067318882, 3.0325470717793137]",30.694546213806426,165,304
