Optimised parameters,Optimal MM nr,nr iterations,nr evaluations
"[1.8189623544902065, 1.9999998167275124, 6.193033014640213, 2.999968960441258]",20.94183828465115,203,384
