Optimised parameters,Optimal MM nr,nr iterations,nr evaluations
"[4.728139829314074, 2.2718600756635414, 3.0000000519164356, 0.2947239639551513, 0.2764334683291052]",29.474707971663197,198,355
