Optimised parameters,Optimal MM nr,nr iterations,nr evaluations
"[1.216614722325963, 1.395362961533555, 26204.98834680734, 1.1164548020097536, 0.5499419473278835, 0.02534156026102728, 44126.96225307073, 0.10996767395995881]",14.072114889613587,2,328
