Optimised parameters,Optimal MM nr,nr iterations,nr evaluations
"[4.331045038050686, 1.6689420937720145, 2.000001421479296]",119.15516333648682,169,324
