Optimised parameters,Optimal MM frac,nr iterations,nr evaluations
"[1.9715005293868062, 2.000000489307255, 5.000002551954756]",0.3227220673388172,105,199
