Optimised parameters,Optimal MM frac,nr iterations,nr evaluations
"[0.8582765429472121, 2.000000005125113, 5.070861702181242, 0.032607732404598216, 0.8832524878249264]",0.3195444953787664,276,493
