Optimised parameters,Optimal MM frac,nr iterations,nr evaluations
"[0.999991288591561, 2.000008433984154, 6.999965233828982, 0.27800534732021287, 0.7182289559258116]",0.3202613321149653,300,531
