Optimised parameters,Optimal MM frac,nr iterations,nr evaluations
"[1.9101083071686773, 0.014013412329597548, 5.723477756644382, 1.259133959427117, 0.5409607498183246, 0.0509319062408983, 0.030423675577016578, 0.0901029012912328]",0.3024792280857954,220,370
