Optimised parameters,Optimal MM frac,nr iterations,nr evaluations
"[0.154052786124171, 2.019766421933539, 6.8261283199824945, 0.5484563313787982, 0.6]",0.3198525130689276,137,289
