Optimised parameters,Optimal MM frac,nr iterations,nr evaluations
"[1.0000006946130764, 3.99694344132433, 4.515164514367751, 4.487897719571869, 0.43457290530158366, 0.06294878585109248]",0.323734767446338,314,538
