Optimised parameters,Optimal MM frac,nr iterations,nr evaluations
"[2.815058679693089, 4.940000725182163, 2.0000005182926817, 5.9999990998739055, 0.2519628198054077, 0.17882547233126012]",0.32972690580158187,404,693
