Optimised parameters,Optimal MM frac,nr iterations,nr evaluations
"[1.9228333434049083, 0.03324860659291505, 2.0704335794828994, 0.3260958352695523, 0.39567862685833777, 0.2701224402339071, 1.4940255383677967, 3.4100386885942535e-11]",0.2925168808182006,773,1194
