Optimised parameters,Optimal MM frac,nr iterations,nr evaluations
"[0.0, 2.259121555568436, 10.000000171698588, 0.11725097916853308, 0.5999999999999999]",0.3224174953119642,223,393
