Optimised parameters,Optimal MM frac,nr iterations,nr evaluations
"[0.8268205337070789, 1.0637322168040557, 3.000001740325261, 5.000000235777337]",0.31519788437704643,140,253
