Optimised parameters,Optimal MM frac,nr iterations,nr evaluations
"[0.3917541333838093, 2.0000001692879508, 3.8041225411110355, 0.3795262090100471, 0.7303015701209004]",0.31965538669165433,361,634
