Optimised parameters,Optimal MM frac,nr iterations,nr evaluations
"[1.7137260437417319, 2.000000003951489, 3.287305903230684, 0.29413549080603474, 0.5763634283698312]",0.32218025819959717,330,577
