Optimised parameters,Optimal MM frac,nr iterations,nr evaluations
"[1.7351244665521337, 2.184432685610692, 3.9999980712926266, 3.0812793191451036, 0.25218297661476086, 0.14166690936202242, 0.19201075114427413, 0.0798046778891621]",0.32198041036538405,1018,1600
