Optimised parameters,Optimal MM frac,nr iterations,nr evaluations
"[0.0, 3.0000251663012305, 5.999964729036138, 0.0007152709634095965, 0.599999394262626]",0.31837785465357593,180,323
