Optimised parameters,Optimal MM frac,nr iterations,nr evaluations
"[1.9785292552583673, 1.468560697591759, 3.000000000002548, 4.503618828616502]",0.31571385907015054,146,260
