Optimised parameters,Optimal MM frac,nr iterations,nr evaluations
"[2.8898506666103714, 1.9999999963110096, 3.1115466706762076]",0.32600008940405295,142,263
