Optimised parameters,Optimal MM frac,nr iterations,nr evaluations
"[2.8410708408225496, 1.999999982534392, 3.1596890351941216]",0.32705406839153356,135,249
