Optimised parameters,Optimal MM frac,nr iterations,nr evaluations
"[1.0550510332690104, 2.0000018863093763, 5.944943684684182, 0.5468827363122982, 0.582680734565451]",0.31883487707665714,262,468
