Optimised parameters,Optimal MM frac,nr iterations,nr evaluations
"[1.545802195007365, 1.6584627447530482, 3.0000000001736824, 4.503610477562785]",0.3157138590703813,182,332
