Optimised parameters,Optimal MM frac,nr iterations,nr evaluations
"[1.623469732408478, 1.9113555469935795, 5.897401106027843, 1.726843999329733, 0.5498342397177145, 0.047492135467980895, 0.43920294519948466, 0.09310741799998301]",0.30247922846652747,218,389
