Optimised parameters,Optimal MM frac,nr iterations,nr evaluations
"[1.304156524713524, 2.4344201150477476, 6.000000170457124]",0.324354983291937,138,260
