Optimised parameters,Optimal MM frac,nr iterations,nr evaluations
"[0.5273288441552829, 0.7098173531687861, 6.087994135105847, 1.9836029185720405, 0.3193798112395489, 0.1333713266913679, 0.1814900588209155, 0.026636234910295743]",0.30247922857591863,287,490
