Optimised parameters,Optimal MM frac,nr iterations,nr evaluations
"[0.8137460277307563, 1.9802255451292474, 4.000000078735761, 6.000000132825124]",0.31677052151596086,164,304
