Key,Value
2,0.3878047570633949
3,0.3878047572337704
4,0.38780475745957266
5,0.38780475792469093
6,0.3878047563488915
7,0.38780476681647436
8,0.31115504461990173
9,0.3044034487477456
10,0.3037585269911983
11,0.3033095485829079
12,0.302519643320661
13,0.30262435637618634
14,0.3020415202444399
15,0.301914414018112
16,0.301310024336792
17,0.3001031907133179
18,0.30101512537169706
19,0.3009526666941681
