GF IH strength,MMd GF IH duration,WMMd IH duration,Holiday duration,MM fraction
0.08,5.634572223230112,36.36538836247974,0.0,28.553473582394435
