W IH strength,MMd GF IH duration,WMMd IH duration,Holiday duration,MM fraction
0.1,5.639285203790047,25.360695784706138,0.0,28.48571476472739
