W IH strength,MMd GF IH duration,WMMd IH duration,Holiday duration,MM fraction
0.1,3.9850892668727496,2.999999858297538,1.9958790117899752,27.199604322788314
