GF IH strength,MMd GF IH duration,WMMd IH duration,Holiday duration,MM fraction
0.08,1.9852785158880573,2.000000355546722,1.2852251466871807,28.38041181358319
