W IH strength,MMd GF IH duration,WMMd IH duration,Holiday duration,MM fraction
0.1,10.61381562878611,164.0000611986219,0.0,28.767657515966196
