GF IH strength,MMd GF IH duration,WMMd IH duration,Holiday duration,MM fraction
0.08,2.9999999949718825,2.2360892552194875,1.8617574515928017,27.086216991371366
