W IH strength,MMd GF IH duration,WMMd IH duration,Holiday duration,MM fraction
0.1,5.000023100251004,2.0000007567891815,0.2138935752065344,27.543903465990695
