GF IH strength,MMd GF IH duration,WMMd IH duration,Holiday duration,MM fraction
0.08,1.8900000331501854,2.0000019116067635,1.9306978851135526,28.748255816300052
