W IH strength,MMd GF IH duration,WMMd IH duration,Holiday duration,MM fraction
0.1,2.000000001242703,1.6664724117603402,1.2968971716221462,27.5441564970935
