GF IH strength,MMd GF IH duration,WMMd IH duration,Holiday duration,MM fraction
0.08,4.000002210676776,3.0000006671822117,1.585265380964231,27.83518607256194
