GF IH strength,MMd GF IH duration,WMMd IH duration,Holiday duration,MM fraction
0.08,2.063619022215466,6.000000010070071,0.0,27.555825577682427
