Optimised parameters,Optimal MM nr,nr iterations,nr evaluations
"[1.9338053013303462, 1.9805497487727346, 4.714661196219332, 1.792776545524482, 0.23072479800903678, 0.053374513366365374, 0.5398348689186879, 0.08574746821356247]",14.106864003643807,231,398
