Optimised parameters,Optimal MM nr,nr iterations,nr evaluations
"[2.0000169334627413, 3.9999482179832846, 3.000020174493497, 0.415495652941844, 0.1994200636508724]",32.66005309387316,233,412
