Optimised parameters,Optimal MM nr,nr iterations,nr evaluations
"[1.999994064682622, 2.3979482687983595, 2.602059702947005, 2.9999997510844967]",26.093477146908647,160,295
