Optimised parameters,Optimal MM nr,nr iterations,nr evaluations
"[2.999999928209086, 3.999995971707151, 2.377965309309399, 0.45021889939891946, 0.16359592188933195]",29.069206728148444,195,343
