Optimised parameters,Optimal MM nr,nr iterations,nr evaluations
"[4.705153198175408, 2.000023020044596, 4.9999876912334, 1.2948803819875279, 0.054207327908322805, 0.0, 0.7628213740675722, 0.05336626730329269]",20.34984471164766,483,804
