Optimised parameters,Optimal MM nr,nr iterations,nr evaluations
"[1.2966538348684193, 0.17739320642801254, 5.000000001242026, 2.525949901788432]",20.577323245454835,310,565
