Optimised parameters,Optimal MM nr,nr iterations,nr evaluations
"[4.483780090243453, 3.000000297480277, 3.000000565655963, 0.4723424226212247, 0.2119046595660098]",30.666722025836872,206,362
