Optimised parameters,Optimal MM nr,nr iterations,nr evaluations
"[1.2020398374183028, 1.307640025787798, 6.490111160486356, 4.000000780511628]",21.826510714562435,120,227
