Optimised parameters,Optimal MM nr,nr iterations,nr evaluations
"[2.999861289320229, 4.000003411643149, 3.0001285503471666, 0.5092856315081384, 0.21682363088566584]",29.40011494406301,132,253
