Optimised parameters,Optimal MM nr,nr iterations,nr evaluations
"[1.9999755106779182, 3.6617675139345343, 2.3383687264407955]",30.408514805864378,178,343
