Optimised parameters,Optimal MM nr,nr iterations,nr evaluations
"[1.386788281660512, 1.3269765818785526, 9.114639470874652, 0.09983803661109993, 0.5999999999999783, 0.007012284587369591, 0.0, 0.12790432465283805]",14.089514150085956,268,456
