Optimised parameters,Optimal MM nr,nr iterations,nr evaluations
"[0.6714522880170117, 4.963563175736611, 1.564684367631715, 0.5191145465779751, 0.08136567048556473, 0.062424099461439994]",14.089514127316582,138,254
