Optimised parameters,Optimal MM nr,nr iterations,nr evaluations
"[1.4268994756520197, 1.701793925849339, 5.506224528065216, 1.756271413533492, 0.38087108618009236, 0.06786180877568777, 0.7492923917982882, 0.07326026229595073]",14.08951415638441,200,340
