Optimised parameters,Optimal MM nr,nr iterations,nr evaluations
"[2.9304334261317124, 6.99999984159162, 1.9999998250236497, 0.4722503553991201, 0.07706676109319381]",29.73370515286366,250,440
