Optimised parameters,Optimal MM nr,nr iterations,nr evaluations
"[1.9999996537683762, 1.9999999489000686, 5.338945060323841, 2.687725598039928]",20.85371870774364,348,614
