Optimised parameters,Optimal MM nr,nr iterations,nr evaluations
"[4.045361406610239, 2.9999992966550266, 2.9546444441389674, 0.5462612649034694, 0.08152268915125574]",32.324342550806136,311,536
