Optimised parameters,Optimal MM nr,nr iterations,nr evaluations
"[3.999997383467493, 2.0040112592952806, 2.9974904900989854, 0.14879349989853746, 0.4967947157899437]",29.59628865889114,420,717
