Optimised parameters,Optimal MM nr,nr iterations,nr evaluations
"[1.8499155087075345, 1.8586945793968639, 6.645087707543132, 1.8245391927437271, 0.5499999999999998, 0.08752189769848123, 0.2770329119879174, 0.06527034052179792]",14.551825009347098,207,385
