Optimised parameters,Optimal MM nr,nr iterations,nr evaluations
"[2.000000060388613, 3.498246923198648, 3.0000000281444468, 0.259622881248281, 0.29109568996071244]",29.858829424121588,334,574
