Optimised parameters,Optimal MM nr,nr iterations,nr evaluations
"[3.0302922718985323, 4.999999612164093, 2.9697087360034127, 0.5999999999999999, 0.1319394589858756]",32.175468699653806,267,470
