Optimised parameters,Optimal MM nr,nr iterations,nr evaluations
"[1.917763319744732, 1.9550637063455332, 4.274935506109385, 1.6989452872093587, 0.369642874879887, 0.014344258949088199, 0.4495381454813516, 0.12305508502124768]",14.180676859755794,234,420
