Optimised parameters,Optimal MM nr,nr iterations,nr evaluations
"[3.3519358972222717, 5.648066935436113, 1.9999998794095981, 0.009556331888402235, 0.2293832820487291]",30.074079526622352,245,441
