Optimised parameters,Optimal MM nr,nr iterations,nr evaluations
"[2.689066138523657, 5.331416626300322, 1.9999948163690462, 0.3875263212619277, 0.0830694978207569]",30.163001851524275,265,463
