Optimised parameters,Optimal MM nr,nr iterations,nr evaluations
"[4.00011893267593, 3.99982245791944, 3.000048129210807, 0.40468052913717384, 0.20871445379959647]",30.381498799416157,131,245
