Optimised parameters,Optimal MM nr,nr iterations,nr evaluations
"[1.6906619862662136, 1.9999977792076038, 5.999861853538306, 2.3097067053951976, 0.3124991220082092, 0.12365061948209752, 0.18410822402234084, 0.10889408302684966]",17.8986654151418,563,997
