Optimised parameters,Optimal MM nr,nr iterations,nr evaluations
"[3.999398655721981, 2.9940488460703865, 3.5034001088375923, 0.36290435612099836, 0.4428233444106635]",34.20933310045936,188,361
