Optimised parameters,Optimal MM nr,nr iterations,nr evaluations
"[0.9996828957525308, 1.9999993194659156, 3.5273151630519517, 1.9974708731765993, 0.22888664291014083, 0.07505220564940253, 0.5292282422566696, 0.06744295166542169]",14.089504977651627,477,805
