Optimised parameters,Optimal MM nr,nr iterations,nr evaluations
"[1.9998565353032252, 1.99984118254042, 5.999942815820402, 3.367328249772301]",21.699272181458443,152,292
