Optimised parameters,Optimal MM nr,nr iterations,nr evaluations
"[0.0, 3.0000462637899643, 6.005728504440198, 2.9942217223412144, 1.8542359594187965, 0.00041488213621721187]",23.909673913267582,276,481
