Optimised parameters,Optimal MM nr,nr iterations,nr evaluations
"[0.010769567399103432, 1.878680534587023, 6.446596510802088, 1.6413497566102768, 0.2952641110026557, 3.824140846984796e-06, 0.5893506814506422, 0.1353325661437919]",14.106864032566733,195,356
