Optimised parameters,Optimal MM nr,nr iterations,nr evaluations
"[3.6195107373708666, 3.9999973264939586, 1.3805060460582181, 0.46108598826669633, 0.004052245545444494]",29.559832815707793,228,418
