Optimised parameters,Optimal MM nr,nr iterations,nr evaluations
"[2.9999592324743647, 3.0000026341420005, 3.0000001061538493, 0.40883117161498456, 0.2640951346441063]",29.58830090232991,241,422
