Optimised parameters,Optimal MM nr,nr iterations,nr evaluations
"[3.9802894076836255, 3.9906703463987423, 1.9999717028380708, 0.012544253735146393, 0.27008534125937733]",29.70356482015077,284,488
