Optimised parameters,Optimal MM nr,nr iterations,nr evaluations
"[2.9082027412848053, 2.0000001795116287, 3.004651305947143, 0.276622949693754, 0.2822165164468121]",34.47551322840763,339,582
