Optimised parameters,Optimal MM nr,nr iterations,nr evaluations
"[2.99999373267189, 3.999979804033046, 2.2307271221775267, 0.4116977684611297, 0.17178554242613187]",29.090287531950025,208,364
