Optimised parameters,Optimal MM nr,nr iterations,nr evaluations
"[4.999961471327278, 3.9999979517770177, 2.0017840622547345, 0.41737632864258145, 0.21412038786130483]",30.553771578992148,163,305
