Optimised parameters,Optimal MM nr,nr iterations,nr evaluations
"[3.431612314323365, 3.0004273135586796, 2.5669908384201774, 0.15084965767068637, 0.2594647100522314]",32.47240923935615,588,1000
