Optimised parameters,Optimal MM nr,nr iterations,nr evaluations
"[1.8084736296434747, 1.7297953255369722, 4.580412899733931, 1.7868817939288928, 0.48039143208077606, 0.011414806626805133, 0.10170904469713234, 0.10353246692341314]",15.198091951923175,276,471
