Optimised parameters,Optimal MM nr,nr iterations,nr evaluations
"[4.000000073998464, 2.2779433854752584, 3.7220559723899687]",30.562182582790555,131,235
