Optimised parameters,Optimal MM nr,nr iterations,nr evaluations
"[1.9999985377773, 3.216280647821094, 2.5087488044572193, 3.2749723371906434]",26.809680080892306,157,290
