Optimised parameters,Optimal MM nr,nr iterations,nr evaluations
"[1.9999050793010307, 2.9696516712471785, 2.03046889225472]",30.461153191433276,89,166
