Optimised parameters,Optimal MM nr,nr iterations,nr evaluations
"[2.583674126570166, 2.000000000012448, 2.316352319571241]",32.83669061331769,120,232
