Optimised parameters,Optimal MM nr,nr iterations,nr evaluations
"[4.7249448109916745, 5.275057776081855, 0.0, 0.06940034681285187, 0.2075729459462878]",30.241987318880728,231,413
