Optimised parameters,Optimal MM nr,nr iterations,nr evaluations
"[1.238964938629437, 0.04104346349736643, 11.86351989545288, 0.6912911117824249, 0.5396068690657464, 0.1459347485009012, 0.11375863574806727, 0.017449078201443688]",14.18067692622702,247,433
