Optimised parameters,Optimal MM nr,nr iterations,nr evaluations
"[0.028105798014595063, 1.3710470201716611, 15.677307379906637, 0.0, 0.5978683142528933, 0.13223826101624853, 0.8313019510793966, 0.011507235162207346]",15.198091971356181,408,696
