Optimised parameters,Optimal MM nr,nr iterations,nr evaluations
"[4.999999868993804, 2.999939997677145, 2.010070395284027, 0.40353689620639593, 0.21707940284644756]",29.673064597110926,435,753
