Optimised parameters,Optimal MM nr,nr iterations,nr evaluations
"[2.724930839384961, 1.9999950361598684, 4.000000064193014, 5.0726421694725765]",26.500824209532745,157,292
