Optimised parameters,Optimal MM nr,nr iterations,nr evaluations
"[3.9999977535580915, 2.000005741615868, 1.8006766782811434, 0.20360160615506115, 0.04855372348986794]",31.439903150861195,292,505
