Optimised parameters,Optimal MM nr,nr iterations,nr evaluations
"[1.948349205353621, 3.000003386791173, 6.05162153981022, 5.000015488930938, 0.3259130835870977, 0.0625896758178779]",23.345806470549917,184,338
