Optimised parameters,Optimal MM nr,nr iterations,nr evaluations
"[1.2434723801472893, 0.3291266138566622, 8.26065958628326, 1.542305046275807, 0.5404757610734149, 0.019169324570003726, 0.0829668389443489, 0.12683937444764254]",14.551825012246399,204,359
