Optimised parameters,Optimal MM nr,nr iterations,nr evaluations
"[0.0, 1.4451049995305558, 3.082426560442927, 1.999999845569817, 0.5933523708102717, 0.09286541687409133, 0.2969748612012146, 0.03793356271337306]",15.198042806538629,601,958
