Optimised parameters,Optimal MM nr,nr iterations,nr evaluations
"[1.8384598286636766, 0.0, 5.767472019509496, 0.0, 0.029767250505515857, 0.11643920843103434]",14.551824996440027,275,462
