Optimised parameters,Optimal MM nr,nr iterations,nr evaluations
"[4.050922095421869, 5.010929674737376, 6.938027220051184, 5.000002833554484, 0.13024799543458793, 0.13926551949709637]",24.228975380837085,222,410
