Optimised parameters,Optimal MM nr,nr iterations,nr evaluations
"[2.779444399530122, 3.220553993751915, 2.0000001487592893, 0.46020473399614303, 0.3286516378087998]",31.197001791813662,140,253
