Optimised parameters,Optimal MM nr,nr iterations,nr evaluations
"[3.0015966216198446, 3.998378137874675, 3.00000001457854, 0.334833630737692, 0.25766746865807866]",30.542526983363587,225,389
