Optimised parameters,Optimal MM nr,nr iterations,nr evaluations
"[0.0, 3.0061909604596018, 7.587223621364107, 5.40651293585044, 0.6696541051729309, 8.205349635818463e-06]",22.346919048649042,332,600
