Optimised parameters,Optimal MM nr,nr iterations,nr evaluations
"[0.0, 1.6747622590292846, 6.495765162622115, 1.920346967083445, 0.29460075544031245, 0.05838059404610435, 0.22058604727773026, 0.08996842224884619]",14.551825009138634,250,439
