Optimised parameters,Optimal MM nr,nr iterations,nr evaluations
"[3.9993547080094576, 3.0000001584619014, 3.0005922499726574, 0.3676615620773899, 0.23964545939286216]",29.425640114156256,416,716
