Optimised parameters,Optimal MM nr,nr iterations,nr evaluations
"[0.18334100512045715, 0.10315993956421396, 4.944145875603195, 1.8718154660888113, 0.43446565657728303, 0.1542885255243899, 0.28723290358839715, 0.012051569751444849]",14.180676874735507,243,413
