Optimised parameters,Optimal MM nr,nr iterations,nr evaluations
"[1.4201386334682782, 1.557137613645974, 7.262654036975549, 1.6877139608436948, 0.32970511337690434, 0.01142327839824557, 0.3384207347618754, 0.13465454474878102]",14.55182500607843,274,469
