Optimised parameters,Optimal MM nr,nr iterations,nr evaluations
"[5.009549163812945, 1.000022988079818, 4.990396311287064, 5.000008562591596, 0.29346113405405827, 0.05846182631533631]",24.207691512762256,231,404
