Optimised parameters,Optimal MM nr,nr iterations,nr evaluations
"[2.9999999992853956, 2.999999999970422, 1.914813886540191, 0.55, 0.0]",26.54789495781227,287,508
