Optimised parameters,Optimal MM nr,nr iterations,nr evaluations
"[2.674035287824063, 2.0000021854117573, 2.3259606857459634]",30.158529100267327,130,241
