Optimised parameters,Optimal MM nr,nr iterations,nr evaluations
"[3.869070056130777, 4.130957976808848, 1.99999155167701, 0.022188887211473662, 0.25589194178752483]",30.03478316884467,363,627
