Optimised parameters,Optimal MM nr,nr iterations,nr evaluations
"[1.8113033760654522, 1.7006555689489424, 6.488306983753851, 2.9999711131079767]",21.31982618807262,181,338
