Optimised parameters,Optimal MM nr,nr iterations,nr evaluations
"[2.119633650464755, 1.9979812487533937, 2.904414089257118, 3.999999934268815]",26.34679996967806,322,566
