Optimised parameters,Optimal MM nr,nr iterations,nr evaluations
"[1.2434083747699474, 0.32953596184257006, 8.260417047842925, 1.541996998337324, 0.5404769788979774, 0.019169669893428935, 0.08298901800462635, 0.12683853426420788]",14.551825011226924,192,348
