Optimised parameters,Optimal MM nr,nr iterations,nr evaluations
"[1.947886655271222, 2.986723062427524, 3.999999078526974, 2.0653934687146904, 0.3632163398605006, 0.05113574912020641]",20.564040720995738,501,853
