Optimised parameters,Optimal MM nr,nr iterations,nr evaluations
"[4.013384264985268, 2.558943275598998, 5.427672065182822, 3.000000307668483, 0.21376643126926492, 0.0809871355500427]",22.731074397446207,435,725
