Optimised parameters,Optimal MM nr,nr iterations,nr evaluations
"[1.3976714766677758, 1.9663930333641206, 4.000000157410863, 5.000000300594767]",26.119617120069417,183,338
