Optimised parameters,Optimal MM nr,nr iterations,nr evaluations
"[1.9999123624858264, 1.9999999412073786, 5.334919454655596, 2.688990742438972]",20.86275847990435,413,726
