Optimised parameters,Optimal MM nr,nr iterations,nr evaluations
"[1.9768780558541015, 0.48069549203258155, 4.542426452768853, 2.9999999995989963, 0.5807055328396213, 0.007709944548698102]",22.34792320527319,532,914
