Optimised parameters,Optimal MM nr,nr iterations,nr evaluations
"[0.6720366100580764, 4.962989004737503, 1.564710843401806, 0.519099406619336, 0.08136706262093109, 0.06242456543244934]",14.08951414300834,125,227
