Optimised parameters,Optimal MM nr,nr iterations,nr evaluations
"[0.41554540007852164, 6.167225138937391, 0.5990415621989513, 0.0, 0.0, 0.0]",64.75599164172675,161,312
