Optimised parameters,Optimal MM nr,nr iterations,nr evaluations
"[3.1756868745972517, 2.0000001677312786, 2.371728076814731, 0.5380575223889299, 0.17268640130635757]",27.384617129991035,152,275
