Optimised parameters,Optimal MM nr,nr iterations,nr evaluations
"[2.636205222714411, 4.999110356030064, 3.9999998087521016, 2.3646853995753023, 0.33301229830691315, 0.05909598286410756]",23.364402913621266,466,798
