Optimised parameters,Optimal MM nr,nr iterations,nr evaluations
"[3.5082943362899357, 3.491705614271554, 3.000000046238016, 0.3520761028766419, 0.1944020714396253]",32.639935173597195,313,534
