Optimised parameters,Optimal MM nr,nr iterations,nr evaluations
"[2.999999770361717, 2.050020853764299, 2.9499802288836516]",31.114732686815444,86,164
