Optimised parameters,Optimal MM nr,nr iterations,nr evaluations
"[2.997671640607236, 2.0000025154980556, 2.0000000944995957, 0.3754441541296794, 0.23224798588307022]",30.75968865711727,179,324
