Optimised parameters,Optimal MM nr,nr iterations,nr evaluations
"[2.999068333992132, 3.0009193817385507, 4.000001728324264, 0.5768722327295926, 0.22876904479287416]",33.342692944108535,240,418
