Optimised parameters,Optimal MM nr,nr iterations,nr evaluations
"[1.9999793810387456, 2.8003206127923885, 1.944597246742033, 0.09876524869284639, 0.37289846179075364, 0.04939245261628741]",14.106791238246652,251,434
