Optimised parameters,Optimal MM nr,nr iterations,nr evaluations
"[0.7772277380286365, 1.7614855176795299, 12.549362000791682, 0.35404543546247624, 0.061509803714406175, 0.04615377589447707, 0.019482984461697873, 0.09200085741513297]",14.106864032569884,191,349
