Optimised parameters,Optimal MM nr,nr iterations,nr evaluations
"[0.9696577464126716, 1.425297932076822, 5.719881875212078, 1.9345904511827294, 0.5439585041852004, 0.10626587487660252, 0.5834774584759563, 0.04384134974653191]",14.106864030560663,238,419
