Optimised parameters,Optimal MM nr,nr iterations,nr evaluations
"[1.0500990968753445, 1.9933067307286156, 3.5336795483861745, 1.9999935766629613, 0.22943778938842874, 0.07568349856454691, 0.5269802318766548, 0.06692909454568516]",14.089506453664756,463,782
