Optimised parameters,Optimal MM nr,nr iterations,nr evaluations
"[1.9999999737801644, 3.6190685094162647, 2.646357583943951, 3.7345739431544693]",26.50561764705064,181,325
