Optimised parameters,Optimal MM nr,nr iterations,nr evaluations
"[2.999948994807352, 4.000010939727963, 3.0000028161598817, 0.5088676584622562, 0.2182917476039053]",29.52081260445218,158,302
