Optimised parameters,Optimal MM nr,nr iterations,nr evaluations
"[4.000001080921994, 1.669684151113203, 3.3303128106434734, 4.000001952711102, 0.49424775232123963, 0.00013295161438497158]",25.259542835620934,531,914
