Optimised parameters,Optimal MM nr,nr iterations,nr evaluations
"[1.8202938961813828, 3.999998034087342, 4.999975270316492, 1.6773000072717545, 0.48828091396538065, 0.0]",19.812404556689586,714,1195
