Optimised parameters,Optimal MM nr,nr iterations,nr evaluations
"[2.9999993972773953, 2.0880148149674795, 2.912001719249501]",31.46368421383553,82,160
