Optimised parameters,Optimal MM nr,nr iterations,nr evaluations
"[5.942199028785788, 0.06796460547064093, 23.99994828500234, 1.9898919882815975, 0.012241338789384045, 0.1548432889317624]",16.012189363413206,562,969
