Optimised parameters,Optimal MM nr,nr iterations,nr evaluations
"[4.080152302150091, 3.0001004746813487, 5.875908361883559, 3.0438387818965777, 0.29027660574768527, 0.01657335854484545]",22.984391478766504,654,1115
