Optimised parameters,Optimal MM nr,nr iterations,nr evaluations
"[3.4377776460849505, 2.000000004301539, 2.562221760665847]",31.05138232675173,136,254
