Optimised parameters,Optimal MM nr,nr iterations,nr evaluations
"[1.9877884350662764, 1.9999995297736781, 5.326701207946874, 2.685510991805778]",20.922130785018265,252,439
