Optimised parameters,Optimal MM nr,nr iterations,nr evaluations
"[0.7640437981099484, 7.693002243103196, 0.0, 0.01208118675664029, 0.0067697802296986, 0.10777671965226387]",15.198091976391865,149,290
