Optimised parameters,Optimal MM nr,nr iterations,nr evaluations
"[1.9999985725322575, 1.8741628539818054, 2.631628852350658, 1.5976350793002418, 0.5802133405757772, 0.06970927038727233, 0.41504489128238686, 0.07176271705306736]",14.089380786236639,599,961
