Optimised parameters,Optimal MM nr,nr iterations,nr evaluations
"[4.9998406122390655, 3.0000913018878217, 3.000000208680265, 0.2990910046904067, 0.17245777027227194]",32.34595417416783,271,471
