Optimised parameters,Optimal MM nr,nr iterations,nr evaluations
"[1.5494737142175623, 2.955003625305139, 1.9956745219771546, 0.09227095036573578, 0.37092512216383483, 0.05399429510221539]",14.089444773923983,330,554
