Optimised parameters,Optimal MM nr,nr iterations,nr evaluations
"[2.2835719234622225, 2.7163536971213245, 4.000008026562883, 0.4848954412795138, 0.25100398571079796]",33.73125813175473,136,248
