Optimised parameters,Optimal MM nr,nr iterations,nr evaluations
"[3.000000003287516, 1.690981564248094, 2.233427484528745, 3.0755908327498336]",26.74810468629598,254,459
