Optimised parameters,Optimal MM nr,nr iterations,nr evaluations
"[1.9378672311873624, 0.6635224011475632, 6.398672089158634, 2.999953790325407]",20.964066668184714,211,384
