Optimised parameters,Optimal MM nr,nr iterations,nr evaluations
"[0.645325110987342, 4.984255248416458, 1.505789989076537, 0.5202104768276757, 0.0834692521076823, 0.061091796946511324]",14.106864003261805,124,231
