Optimised parameters,Optimal MM nr,nr iterations,nr evaluations
"[2.9992598728361157, 2.00009138484557, 3.000602666731229]",30.064488355555074,94,181
