Optimised parameters,Optimal MM nr,nr iterations,nr evaluations
"[3.0742055123172585, 5.9999946582656065, 1.925807051065055, 0.5499894257624285, 0.07928812263167648]",26.8087553075987,302,511
