Optimised parameters,Optimal MM nr,nr iterations,nr evaluations
"[4.6391453263117945, 3.0000000045477666, 3.0706932266148685, 0.46699486138257384, 0.19012369048400657]",29.5383895241793,439,748
