Optimised parameters,Optimal MM nr,nr iterations,nr evaluations
"[1.3783968203702082, 0.05397618740742923, 5.00001083016125, 2.5675973246054125]",20.638413654974485,104,212
