Optimised parameters,Optimal MM nr,nr iterations,nr evaluations
"[2.9999950852703368, 2.999674713556728, 2.000184820763928, 0.22640340504772877, 0.4280355521460819]",30.215818011774598,332,600
