Optimised parameters,Optimal MM nr,nr iterations,nr evaluations
"[3.0000000009914105, 1.8406834868572195, 3.000011536126375, 4.1024426924476085]",26.699919296779832,387,692
