Optimised parameters,Optimal MM nr,nr iterations,nr evaluations
"[3.0000098260299475, 3.9998605335662347, 4.000001646810663, 0.40406714647353764, 0.2466778853636451]",29.931285217009282,150,271
