Optimised parameters,Optimal MM nr,nr iterations,nr evaluations
"[3.3956136140089477, 3.6043862519986645, 2.000000011008577, 0.42786377522752284, 0.2974313501186676]",30.969066132433614,335,569
