Optimised parameters,Optimal MM nr,nr iterations,nr evaluations
"[3.9999268133403607, 3.2413886879209097, 2.8824953665166175, 0.48266453764456685, 0.41363314734663753]",31.41925519873126,142,284
