Optimised parameters,Optimal MM nr,nr iterations,nr evaluations
"[3.0051493217160656, 2.1851211066024527, 3.000003791067317]",31.378834596521912,152,288
