Optimised parameters,Optimal MM nr,nr iterations,nr evaluations
"[1.4397078443265916, 0.9199569821198659, 2.4428644080250494, 0.6117358262758277, 0.3791104260614869, 0.0, 0.03615000839563953, 0.1353428851610104]",14.106695627269385,728,1092
