Optimised parameters,Optimal MM nr,nr iterations,nr evaluations
"[3.0000000009399814, 2.6713501191643045, 3.1357922690493503]",31.711864928962456,110,205
