Optimised parameters,Optimal MM nr,nr iterations,nr evaluations
"[3.676843367937712, 3.999940206602945, 3.9999980561268345, 2.3232241863407967, 0.4140146666645712, 0.02259411138118527]",24.293563074872566,212,378
