Optimised parameters,Optimal MM nr,nr iterations,nr evaluations
"[3.999901114304523, 2.0000006513133246, 3.000088779225152]",30.18336006896969,130,247
