Optimised parameters,Optimal MM nr,nr iterations,nr evaluations
"[5.150649291946092, 2.951807519202138, 1.98725493983035, 0.2380113165261885, 0.036149700139407284]",30.03732719900761,584,1000
