Optimised parameters,Optimal MM nr,nr iterations,nr evaluations
"[0.0, 1.674766611908078, 6.495732310730223, 1.920341343060996, 0.2945915185701534, 0.05838106688159348, 0.22058546930164658, 0.0899684680500385]",14.551825009868438,244,414
