Optimised parameters,Optimal MM nr,nr iterations,nr evaluations
"[1.3764319632835327, 0.0, 17.721838305495915, 0.24130099421738183, 0.032985449996876165, 0.01599730097228072, 0.943127252666812, 0.1196343893343135]",14.10686402555485,187,361
