Optimised parameters,Optimal MM nr,nr iterations,nr evaluations
"[3.290317614081327, 4.0000016194277475, 4.707051207692427, 4.002629229280734, 0.4239165365775801, 0.04217707500086014]",25.65000144797227,485,818
