Optimised parameters,Optimal MM nr,nr iterations,nr evaluations
"[1.8321683222407676, 6.277213852693741, 1.9555990787952708, 0.017582649206278812, 0.15892058816975294, 0.09798701641739371]",15.198091979285985,181,329
