Optimised parameters,Optimal MM nr,nr iterations,nr evaluations
"[0.049366435250035465, 0.5486530249799012, 10.162651177712664, 0.563157853262443, 0.09151829316998056, 0.0]",18.796444772173245,144,275
