Optimised parameters,Optimal MM nr,nr iterations,nr evaluations
"[1.2976554081431595, 0.17592633363599586, 5.000000000698647, 2.526400947765201]",20.56803345692139,258,483
