Optimised parameters,Optimal MM nr,nr iterations,nr evaluations
"[2.998281225808793, 2.001710621699949, 2.0000011611435466, 0.5108545715736588, 0.1812216121202102]",30.494892036132295,318,559
