Optimised parameters,Optimal MM nr,nr iterations,nr evaluations
"[3.000000000244846, 2.181046143031028, 3.0031155869522674]",31.3775645029259,119,219
