Optimised parameters,Optimal MM nr,nr iterations,nr evaluations
"[3.9999947755510523, 2.160079596103234, 2.842550186953968, 2.9999922600332667]",27.85909167321383,160,302
