Optimised parameters,Optimal MM nr,nr iterations,nr evaluations
"[2.7158323319183433, 1.999999910728317, 4.000000001490417, 5.093865116498744]",26.409656778366404,236,429
