Optimised parameters,Optimal MM nr,nr iterations,nr evaluations
"[1.2106160985973062, 1.7366945477827942, 13.031104471798168, 0.0, 0.5999999999999992, 0.0, 0.01932782953411375, 0.10535861549349698]",15.71217304862926,268,477
